SMILES,id,QM,Reserve1,NMR,Reserve2
P(=O)(N(C)C)(N(C)C)N(C)C,0,-0.3004983366000887,0,0.38424335325636966,0
P(CCCC)(CCCC)CCCC,0,0.22409492034030482,0,-0.2496731282103612,0
P(=O)(N)(N)N,0,-0.23116931073472957,0,0.3683670907509417,0
P(=O)(O)O,0,-0.06628159615699199,0,0.17558390318503075,0
P(c1ccccc1)(c1ccccc1)CP(c1ccccc1)c1ccccc1,0,0.17838347471479346,0,-0.1430753656739163,0
